codigo_comuna,nombre_comuna,pop_total,pop_chilean,pop_foreign,pct_foreign,median_age_chilean,median_age_foreign,mean_schooling_chilean,mean_schooling_foreign,emp_rate_chilean,emp_rate_foreign,dependency_ratio,nombre_comuna_eno,eno_total,eno_chilean,eno_foreign,eno_desconocido,eno_top3_diseases,eno_rate_per_10k,nombre_comuna_grd,grd_total,grd_chilean,grd_foreign,grd_pct_foreign,grd_mean_los,grd_mean_los_chilean,grd_mean_los_foreign,grd_mean_severity,grd_mortality_rate,grd_top3_chapters,grd_rate_per_10k,log_pop_total,schooling_gap
5101,Valparaíso,284938.0,272618.0,12320.0,4.32,36.8,30.1,11.4,11.9,53.9,63.2,46.98,Valparaíso,4821,4312,421,88,Sífilis | VIH | Tuberculosis,169.19,Valparaíso,24180,22541,1639,6.78,5.6,5.7,4.9,1.92,2.84,Embarazo y parto | Enfermedades circulatorias | Enfermedades digestivas,848.61,12.560026891725041,-0.5
5102,Casablanca,29876.0,27607.0,2269.0,7.59,34.5,28.7,10.8,10.3,56.4,71.8,44.21,Casablanca,312,278,29,5,Sífilis | Coqueluche | VIH,104.43,Casablanca,2134,1963,171,8.01,4.8,4.9,4.1,1.78,2.15,Embarazo y parto | Enfermedades digestivas | Enfermedades respiratorias,714.29,10.304810761476958,0.5
13101,Santiago,5806.0,258429.0,176956.0,3047.8126076472613,35.0,34.0,14.421517757972174,13.80532818251394,72.65863243384857,83.34047804624578,26.21068282540111,Santiago,12186,5059,3635,3492,VIH | Parotiditis | Sifilis,20988.63244919049,Santiago,54929,35664,19265,35.072548198583625,6.682745162708883,7.682128988688165,4.817207689883391,1.6154854448469842,2.799978153616487,"Cap.15  EMBARAZO, PARTO Y PUERPERIO (O00-O9A) | Cap.19  LESIONES TRAUMÁTICAS, ENVENENAMIENTOS Y OTRAS CONSECUENCIAS DE CAUSAS EXTERNAS (S00-T88) | Cap.11  ENFERMEDADES DEL APARATO DIGESTIVO (K00-K95)",94607.302790217,8.666647144584575,0.6161895754582343
13102,Cerrillos,85041.0,71466.0,12732.0,15.0,36.0,34.0,11.725,11.439,60.8,69.5,0.463,Cerrillos,642,297,101,244,VIH | Parotiditis | Sifilis,75.49,Cerrillos,7623,6681,942,12.36,7.39,7.71,5.11,1.7,3.27,Cap.15  EMBARAZO | PARTO Y PUERPERIO (O00-O9A) | Cap.11  ENFERMEDADES DEL APARATO DIGESTIVO (K00-K95) | Cap.19  LESIONES TRAUMÁTICAS | ENVENENAMIENTOS Y OTRAS CONSECUENCIAS DE CAUSAS EXTERNAS (S00-T88),896.39,11.350888772118845,0.2859999999999996
13103,Cerro Navia,126140.0,113911.0,12229.0,9.69478357380688,38.0,32.0,10.307062317592152,11.639353856958914,0.5773410035155001,0.6976973036803779,0.4774990043807248,Cerro Navia,1002,565,127,310,"VIH, Coqueluche, Parotiditis",79.43554780402727,Cerro Navia,27846,25523,2323,8.342311283487753,6.379049055519644,6.487638600478,5.185966422729229,1.4767650650003592,3.372118078000431,"Cap.15  EMBARAZO, PARTO Y PUERPERIO (O00-O9A), Cap.11  ENFERMEDADES DEL APARATO DIGESTIVO (K00-K95), Cap.19  LESIONES TRAUMÁTICAS, ENVENENAMIENTOS Y OTRAS CONSECUENCIAS DE CAUSAS EXTERNAS (S00-T88)",2207.5471698113206,11.745147680217642,-1.3322915393667625
13104,Conchalí,121587.0,103271.0,17686.0,14.54596297301521,39.0,34.0,11.325066467264872,11.98365271802894,0.610039476045218,0.7510392919404586,0.4786029599542751,Conchalí,1134,635,188,311,VIH | Parotiditis | Sifilis,93.26654987786524,Conchalí,10561,9346,1215,0.1150459236814695,6.366631947732222,6.6164134389043445,4.445267489711934,1.429504781744153,0.0368336331786762,"Cap.15  EMBARAZO, PARTO Y PUERPERIO (O00-O9A) | Cap.19  LESIONES TRAUMÁTICAS, ENVENENAMIENTOS Y OTRAS CONSECUENCIAS DE CAUSAS EXTERNAS (S00-T88) | Cap.11  ENFERMEDADES DEL APARATO DIGESTIVO (K00-K95)",868.596149259378,11.70838533490441,-0.6585862507640687
13105,Estación Central,155257.0,142967.0,11347.0,7.3,37.0,32.0,10.96,12.194,58.8,71.7,0.497,El Bosque,1212,634,111,467,"VIH, Parotiditis, Coqueluche",78.06411305126339,El Bosque,9517,9046,471,4.949038562572239,7.223915099295997,7.369334512491709,4.43099787685775,1.774613848901965,3.4254491961752653,"Cap.15  EMBARAZO, PARTO Y PUERPERIO (O00-O9A), Cap.10  ENFERMEDADES DEL APARATO RESPIRATORIO (J00-J99), Cap.11  ENFERMEDADES DEL APARATO DIGESTIVO (K00-K95)",612.9836335881796,11.952837087346094,-1.234
13107,Huechuraba,101808.0,92790.0,8381.0,8.28,36.0,35.0,12.77,14.12,63.92,75.8,44.0,Huechuraba,832,456,68,308,VIH | Parotiditis | Sifilis,81.72245796008173,Huechuraba,6170,5743,427,6.92,6.09,6.22,4.27,1.37,3.42,"Cap.15  EMBARAZO, PARTO Y PUERPERIO (O00-O9A) | Cap.19  LESIONES TRAUMÁTICAS, ENVENENAMIENTOS Y OTRAS CONSECUENCIAS DE CAUSAS EXTERNAS (S00-T88) | Cap.11  ENFERMEDADES DEL APARATO DIGESTIVO (K00-K95)",606.0,11.530843965472574,-1.3499999999999996
13108,Independencia,116943.0,64272.0,51908.0,44.38743661441899,36.0,33.0,12.854490256989552,12.936710529785609,67.16144308373858,80.3780623734674,39.83546377452797,Independencia,1642,607,786,0,Dato Faltante,156.38095238095238,Independencia,10573,0,0,0.0,6.467889908256881,0.0,0.0,0.0,2.8563321668400645,Dato Faltante,1006.952380952381,11.66944191558223,-0.08222027279605726
13109,La Reina,103157.0,82209.0,19762.0,19.38,37.0,32.0,12.91,13.56,67.5,78.9,44.8,La Cisterna,714,333,149,232,VIH | Parotiditis | Coqueluche,69.21488604748102,La Reina,5004,4692,312,6.24,5.38,5.48,3.85,1.382,2.618,"Cap.11  ENFERMEDADES DEL APARATO DIGESTIVO (K00-K95) | Cap.07  ENFERMEDADES DEL OJO Y SUS ANEXOS (H00-H59) | Cap.19  LESIONES TRAUMÁTICAS, ENVENENAMIENTOS Y OTRAS CONSECUENCIAS DE CAUSAS EXTERNAS (S00-T88)",485.09,11.544007378533257,-0.6500000000000004
13110,La Florida,374836.0,335340.0,36685.0,9.786946824744687,38.0,34.0,12.846742116528745,13.96530903502031,65.99295673680061,78.78579385361378,46.80625237440616,La Florida,2128,1539,342,247,VIH | Sifilis | Parotiditis,56.77149473369687,La Florida,49846,46736,3110,6.239216787706135,6.002897539774099,6.132361800395881,4.133388566694284,1.4035218054774716,2.9992376519680617,H25.9 | K80.2 | Z51.1,1329.8082361352697,12.834243875961102,-1.118566918491565
13111,La Granja,112022.0,101705.0,9550.0,8.525111138883434,39.0,32.0,10.85673384925022,12.150498640072527,59.35718379536063,72.13942914877495,49.86421223026395,La Granja,943,454,108,381,VIH | Parotiditis | Coqueluche,84.17989323525737,La Granja,14803,13943,860,5.809633182463014,5.393568871174762,5.440436061105931,4.633720930232558,1.482875092886577,2.526514895629264,Cap.15  EMBARAZO | PARTO Y PUERPERIO (O00-O9A) | Cap.11  ENFERMEDADES DEL APARATO DIGESTIVO (K00-K95) | Cap.09  ENFERMEDADES DEL APARATO CIRCULATORIO (I00-I99),1321.4368606166645,11.626450559559094,-1.2937647908223067
13112,La Pintana,175421.0,166483.0,7732.0,4.44,34.0,32.0,10.01,11.47,55.71,67.68,49.0,La Pintana,1507,755,102,650,VIH | Parotiditis | Coqueluche,85.90761653393837,La Pintana,25556,24778,778,3.04,5.37,5.42,3.86,1.47,1.953,"Cap.15  EMBARAZO, PARTO Y PUERPERIO (O00-O9A) | Cap.11  ENFERMEDADES DEL APARATO DIGESTIVO (K00-K95) | Cap.19  LESIONES TRAUMÁTICAS, ENVENENAMIENTOS Y OTRAS CONSECUENCIAS DE CAUSAS EXTERNAS (S00-T88)",1456.8,12.074944078093388,-1.4600000000000009
13114,LAS CONDES,292739.0,261670.0,31069.0,10.61320835283307,38.0,40.0,15.967253020040872,16.103877582485353,69.12262491710636,80.11684364267951,47.11981103628505,LAS CONDES,2123,970,231,922,VIH | Parotiditis | Sifilis,72.5219,LAS CONDES,10656,9651,1005,9.43,5.92,6.13,3.79,1.43,2.93,Cap.02  NEOPLASIAS (C00-D49) | Cap.19  LESIONES TRAUMÁTICAS | ENVENENAMIENTOS Y OTRAS CONSECUENCIAS DE CAUSAS EXTERNAS (S00-T88) | Cap.11  ENFERMEDADES DEL APARATO DIGESTIVO (K00-K95),359.84,12.587036706031556,-0.1366245624444815
13115,Lo Barnechea,112620.0,98589.0,12198.0,10.831113478955782,34.0,42.0,14.86880298182538,15.031678750697155,63.15209016331526,73.11209287989314,45.969696576931554,Lo Barnechea,630,278,42,310,Parotiditis | Coqueluche | VIH,55.94,Lo Barnechea,6883,6204,679,9.86,5.166742081447964,5.2396094141211815,4.483568075117371,1.4259770448932152,1.7724829289553898,"Cap.15  EMBARAZO, PARTO Y PUERPERIO (O00-O9A) | Cap.11  ENFERMEDADES DEL APARATO DIGESTIVO (K00-K95) | Cap.19  LESIONES TRAUMÁTICAS, ENVENENAMIENTOS Y OTRAS CONSECUENCIAS DE CAUSAS EXTERNAS (S00-T88)",611.1703072278458,11.63177459880861,-0.1628757688717748
13116,Lo Espejo,87295.0,80266.0,6512.0,7.459762873016783,38.0,32.0,10.356598016781083,11.212395235994707,56.82800098970328,68.39474171449731,0.4976239084561409,Lo Espejo,678,366,72,240,"VIH, Parotiditis, Coqueluche",77.66767856120052,Lo Espejo,5269,4949,320,6.073258682862023,6.763142911368381,6.819357445948676,5.89375,1.626684380337825,2.770924274055798,"Cap.15  EMBARAZO, PARTO Y PUERPERIO (O00-O9A), Cap.11  ENFERMEDADES DEL APARATO DIGESTIVO (K00-K95), Cap.10  ENFERMEDADES DEL APARATO RESPIRATORIO (J00-J99)",603.5855432728106,11.377048466418875,-0.8557972192136241
13117,Lo Prado,91290.0,78678.0,12110.0,13.265417899003175,41.0,34.0,11.056758411989335,12.004300101844516,0.6259051783030468,0.7541796267496111,0.4754654771140419,Lo Prado,591,442,149,0,"VIH, Sifilis, Parotiditis",64.73874465987512,Lo Prado,6169,5596,573,9.288377370724591,5.955584373480304,6.083631165117941,4.705061082024433,1.383803959753327,3.0637056248986867,"Cap.11  ENFERMEDADES DEL APARATO DIGESTIVO (K00-K95), Cap.15  EMBARAZO, PARTO Y PUERPERIO (O00-O9A), Cap.19  LESIONES TRAUMÁTICAS, ENVENENAMIENTOS Y OTRAS CONSECUENCIAS DE CAUSAS EXTERNAS (S00-T88)",675.7585715850587,11.421796531559126,-0.9475416898551803
13118,Macul,123800.0,105336.0,17497.0,14.133279483037157,39.0,35.0,13.33633394303632,14.598976488911964,69.14035980991174,81.18907043800631,44.13281641111615,Macul,890,405,110,375,VIH | Parotiditis | Coqueluche,71.89014539579968,Macul,13343,12128,1215,9.105898223787753,5.520947313197931,5.670679419525066,4.026337448559671,1.5699617777111594,3.440005995653152,Cap.11  ENFERMEDADES DEL APARATO DIGESTIVO (K00-K95) | Cap.15  EMBARAZO | PARTO Y PUERPERIO (O00-O9A) | Cap.19  LESIONES TRAUMÁTICAS | ENVENENAMIENTOS Y OTRAS CONSECUENCIAS DE CAUSAS EXTERNAS (S00-T88),1077.7867528271406,11.726422639232633,-1.262642545875643
13119,maipu,500600.0,469627.0,30973.0,6.19,38.0,34.0,12.64,12.98,62.55,73.51,43.27,maipu,3316,1827,267,1222,VIH | Parotiditis | Coqueluche,66.24,maipu,62614,58932,3682,5.88,7.02,7.16,4.68,1.64,3.49,"Cap.15  EMBARAZO, PARTO Y PUERPERIO (O00-O9A) | Cap.11  ENFERMEDADES DEL APARATO DIGESTIVO (K00-K95) | Cap.09  ENFERMEDADES DEL APARATO CIRCULATORIO (I00-I99)",1250.78,13.12356265797981,-0.33999999999999986
13120,Ñuñoa,241467.0,239323.0,0.0,0.0,37.0,,15.7067,,77.3343,,38.3377,Ñuñoa,1735,830,255,650,VIH | Parotiditis | Coqueluche,71.8525,Ñuñoa,17291,15769,1522,8.8023,20.9672,21.2153,18.3968,1.3757,2.9611,H26 | K80 | K35,716.0813,12.394488096775122,
13121,Pedro Aguirre Cerda,95390.0,86292.0,9098.0,9.537687388615158,41.0,32.0,11.227268311637848,11.5188679245283,0.6110818516971469,0.7200266134397871,0.5233152347492814,Pedro Aguirre Cerda,910,452,102,356,"VIH, Parotiditis, Coqueluche",95.39784044449104,Pedro Aguirre Cerda,15537,14355,1182,7.607646263757482,6.553517410053421,6.672309299895507,5.11082910321489,1.6154341249919546,3.617171912209564,"Cap.15  EMBARAZO, PARTO Y PUERPERIO (O00-O9A), Cap.11  ENFERMEDADES DEL APARATO DIGESTIVO (K00-K95), Cap.19  LESIONES TRAUMÁTICAS, ENVENENAMIENTOS Y OTRAS CONSECUENCIAS DE CAUSAS EXTERNAS (S00-T88)",1628.7870846000628,11.465729030139254,-0.291599612890451
13122,Quilicura,236478.0,214770.0,20141.0,8.57,38.0,35.0,12.19,13.06,64.6,77.8,43.5,Peñalolén,1487,701,124,662,VIH | Parotiditis | Coqueluche,62.88,Peñalolén,44917,42047,2870,6.39,5.34,5.43,4.14,1.56,2.91,"Cap.11  ENFERMEDADES DEL APARATO DIGESTIVO (K00-K95) | Cap.15  EMBARAZO, PARTO Y PUERPERIO (O00-O9A) | Cap.19  LESIONES TRAUMÁTICAS, ENVENENAMIENTOS Y OTRAS CONSECUENCIAS DE CAUSAS EXTERNAS (S00-T88)",1899.42,12.37361045933138,-0.870000000000001
13123,Providencia,143974.0,126841.0,17133.0,11.900065289566172,38.0,39.0,16.475442306700366,16.3480222801946,76.79002413515687,81.55087719298245,38.77547086152719,Providencia,1455,1001,239,215,VIH | Sifilis | Parotiditis,92.24,Providencia,10505,9451,1054,10.03,5.85,5.92,5.19,1.43,2.93,Catarata | no especificada | Cálculo de la vesícula biliar sin colecistitis | Apendicitis aguda | otra y no especificada,665.93,11.877388006700466,0.12742002650576723
13124,Pudahuel,227820.0,210831.0,15344.0,6.735141778597138,37.0,33.0,11.692555272734923,12.441821869813756,0.6193857649094855,0.7385826771653543,0.4286430963340147,Pudahuel,1051,882,169,0,"VIH, Sifilis, Parotiditis",46.13291194802915,Pudahuel,10910,10189,721,6.608615948670944,6.026122823098075,6.160761605653155,4.123439667128988,1.483220245736292,2.722273143904675,"Cap.11  ENFERMEDADES DEL APARATO DIGESTIVO (K00-K95), Cap.15  EMBARAZO, PARTO Y PUERPERIO (O00-O9A), Cap.19  LESIONES TRAUMÁTICAS, ENVENENAMIENTOS Y OTRAS CONSECUENCIAS DE CAUSAS EXTERNAS (S00-T88)",478.8868404881046,12.336311122453903,-0.749266597078833
13125,Tiltil,205624.0,177098.0,27310.0,13.36,34.0,34.0,12.17,12.35,62.1,74.0,38.5,Tiltil,1592,769,270,553,VIH | Parotiditis | Coqueluche,77.42,Tiltil,1435,1360,75,5.23,6.31,6.4,4.75,1.348,3.345,"Cap.15  EMBARAZO, PARTO Y PUERPERIO (O00-O9A) | Cap.19  LESIONES TRAUMÁTICAS, ENVENENAMIENTOS Y OTRAS CONSECUENCIAS DE CAUSAS EXTERNAS (S00-T88) | Cap.11  ENFERMEDADES DEL APARATO DIGESTIVO (K00-K95)",69.79,12.233804537268064,-0.17999999999999972
13126,Quinta Normal,129351.0,92347.0,35630.0,27.545206453757604,38.0,32.0,11.942871863729332,12.615201049994036,0.6553346842396128,0.7811306727942419,0.4349533518964312,Quinta Normal,1361,572,431,358,VIH | Parotiditis | Sifilis,105.2175862575473,Quinta Normal,14588,11624,2964,0.2031806964628461,6.291952289553057,6.686682725395733,4.743927125506073,1.4528379489991774,0.0331779544831368,"Cap.15  EMBARAZO, PARTO Y PUERPERIO (O00-O9A) | Cap.11  ENFERMEDADES DEL APARATO DIGESTIVO (K00-K95) | Cap.19  LESIONES TRAUMÁTICAS, ENVENENAMIENTOS Y OTRAS CONSECUENCIAS DE CAUSAS EXTERNAS (S00-T88)",1127.784091348347,11.770284918546796,-0.6723291862647045
13127,Recoleta,154615.0,118968.0,34009.0,21.995925362998413,39.0,34.0,11.617627309021207,11.922531585409324,62.59941041598428,76.9302133800639,45.127983705191625,Recoleta,1978,964,501,0,Dato Faltante,104.10526315789474,Recoleta,13435,0,0,0.0,6.3290658727205065,0.0,0.0,0.0,2.97729810197246,Dato Faltante,707.1052631578947,11.948693435008439,-0.30490427638811646
13128,Renca,143622.0,130218.0,12523.0,8.71941624542201,35.0,33.0,10.895059920574488,12.027873787490243,61.2766105307049,72.134724857685,47.257794957500685,Renca,1064,590,113,361,VIH | Parotiditis | Coqueluche,74.08,Renca,25748,24002,1746,6.78,6.392185065324224,6.495590034120904,4.999132697311362,1.4646962870902591,3.0681994718036303,"Cap.15  EMBARAZO, PARTO Y PUERPERIO (O00-O9A) | Cap.11  ENFERMEDADES DEL APARATO DIGESTIVO (K00-K95) | Cap.19  LESIONES TRAUMÁTICAS, ENVENENAMIENTOS Y OTRAS CONSECUENCIAS DE CAUSAS EXTERNAS (S00-T88)",1792.7615546364764,11.874940127204445,-1.1328138669157557
13129,San Joaquín,95602.0,95039.0,0.0,0.0,38.0,,12.0399,,65.7219,,47.1774,San Joaquín,767,372,161,234,VIH | Parotiditis | Coqueluche,80.2284,San Joaquín,12206,11098,1108,9.0775,23.5948,23.4759,24.7852,1.5568,3.2525,H26 | K80 | K35,1276.7515,11.467949019322754,
13130,San Miguel,150829.0,110161.0,40668.0,26.96298457193245,36.0,33.0,14.316605873963471,14.617748478701824,73.22180107175532,80.63946880421128,37.18711343956924,San Miguel,1249,587,330,332,VIH | Parotiditis | Sifilis,115.7,San Miguel,13853,11077,2776,20.04,6.37,6.74,4.91,1.59,3.35,Catarata | no especificada | Apendicitis aguda | otra y no especificada | Fractura del cuello de fémur | cerrada,1283.23,11.923902023759547,-0.3011426047383523
13131,San Ramón,76002.0,69248.0,6214.0,8.176100628930818,40.0,32.0,10.520866973046829,11.916823308270676,60.3259789306301,73.8268211270371,49.66916108704214,San Ramón,687,359,54,274,VIH | Parotiditis | Coqueluche,90.39235809583958,San Ramón,11743,10986,757,6.446393596184961,4.966448096738483,5.019843437101766,4.191545574636724,1.4538022651792557,2.214084986800647,Cap.15  EMBARAZO | PARTO Y PUERPERIO (O00-O9A) | Cap.11  ENFERMEDADES DEL APARATO DIGESTIVO (K00-K95) | Cap.07  ENFERMEDADES DEL OJO Y SUS ANEXOS (H00-H59),1545.0909186600354,11.238514934711688,-1.3959563352238469
13132,Vitacura,85502.0,78906.0,6596.0,7.714439428317467,39.0,43.0,16.36246373329884,15.912903225806453,0.7023622047244095,0.8097681489927784,0.5761318389618051,Vitacura,538,238,50,250,"Parotiditis, VIH, Coqueluche",62.922504736731305,Vitacura,1790,1550,240,13.40782122905028,5.186033519553073,5.393548387096774,3.845833333333333,1.3011173184357545,2.458100558659217,"Cap.02  NEOPLASIAS (C00-D49), Cap.07  ENFERMEDADES DEL OJO Y SUS ANEXOS (H00-H59), Cap.11  ENFERMEDADES DEL APARATO DIGESTIVO (K00-K95)",209.35182802741457,11.356295046464133,0.44956050749238585
13201,Puente Alto,564477.0,534717.0,29760.0,5.27213686297227,35.0,34.0,12.119722180162295,12.678511471740348,62.39990267376788,71.87045711516717,43.03022063100012,Puente Alto,4334,2527,280,1527,VIH | Parotiditis | Coqueluche,76.77903616976423,Puente Alto,39492,38156,1336,3.382963638205206,4.784390194489466,4.790312434472636,4.615269461077844,1.51016687346484,2.248556669705257,Cap.15  EMBARAZO | PARTO Y PUERPERIO (O00-O9A) | Cap.11  ENFERMEDADES DEL APARATO DIGESTIVO (K00-K95) | Cap.19  LESIONES TRAUMÁTICAS | ENVENENAMIENTOS Y OTRAS CONSECUENCIAS DE CAUSAS EXTERNAS (S00-T88),699.6210651629739,13.243654917720535,-0.5587892915780532
13202,Pirque,29060.0,28398.0,442.0,1.5209910529938058,37.0,40.0,12.411691088282838,13.803814713896458,65.06849315068493,77.71587743732591,0.4813682010501096,Pirque,136,76,8,52,"VIH, Parotiditis, Chagas",46.79972470750173,Pirque,1731,1702,29,1.675332177931831,4.176776429809359,4.1574618096357225,5.310344827586207,1.4962449451184288,2.541883304448296,"Cap.15  EMBARAZO, PARTO Y PUERPERIO (O00-O9A), Cap.10  ENFERMEDADES DEL APARATO RESPIRATORIO (J00-J99), Cap.07  ENFERMEDADES DEL OJO Y SUS ANEXOS (H00-H59)",595.6641431520991,10.277117937124274,-1.3921236256136194
13203,San José de Maipo,17441.0,17303.0,0.0,0.0,39.0,,12.3072,,65.0779,,48.4593,San José de Maipo,92,51,11,30,VIH | Parotiditis | Coqueluche,52.7493,San José de Maipo,2844,2781,63,2.2152,18.8481,18.7666,22.4444,1.4132,1.4065,H26 | K80 | K35,1630.6404,9.766579035268668,
13301,Colina,173293.0,149378.0,22498.0,13.09,33.0,35.0,12.61,12.78,59.95,70.0,45.82,Colina,1259,576,174,509,Parotiditis | VIH | Sifilis,72.65,Colina,14742,12697,2045,13.87,5.88,6.06,4.72,1.41,2.04,"Cap.15  EMBARAZO, PARTO Y PUERPERIO (O00-O9A) | Cap.19  LESIONES TRAUMÁTICAS, ENVENENAMIENTOS Y OTRAS CONSECUENCIAS DE CAUSAS EXTERNAS (S00-T88) | Cap.10  ENFERMEDADES DEL APARATO RESPIRATORIO (J00-J99)",850.7,12.062739082504752,-0.16999999999999993
13302,Lampa,145160.0,125486.0,18608.0,12.8,32.0,33.0,12.165,12.308,64.7,72.7,0.446,Lampa,672,390,93,189,VIH | Parotiditis | Sifilis,46.29,Lampa,8057,6984,1073,13.32,5.99,6.23,4.47,1.42,2.02,Cap.15  EMBARAZO | PARTO Y PUERPERIO (O00-O9A) | Cap.19  LESIONES TRAUMÁTICAS | ENVENENAMIENTOS Y OTRAS CONSECUENCIAS DE CAUSAS EXTERNAS (S00-T88) | Cap.10  ENFERMEDADES DEL APARATO RESPIRATORIO (J00-J99),555.04,11.885591861327006,-0.14300000000000068
13401,San Bernardo,306371.0,284663.0,19544.0,6.38,34.0,33.0,11.6,12.24,60.81,71.16,45.28,San Bernardo,2172,1129,149,894,"PAROTIDITIS, SIN COMPLICACIONES, no aplica, TOS FERINA, NO ESPECIFICADA",70.89443844228076,San Bernardo,44506,42580,1926,4.33,6.01,6.04,5.52,1.47,2.35,"EMBARAZO, PARTO Y PUERPERIO, ENFERMEDADES DEL APARATO DIGESTIVO, LESIONES TRAUMÁTICAS, ENVENENAMIENTOS Y OTRAS CONSECUENCIAS DE CAUSAS EXTERNAS",1452.68,12.632552064849632,-0.6400000000000006
13402,Buin,116969.0,110229.0,5960.0,5.0953671485607295,34.0,34.0,12.185436165190104,13.374942209893666,63.13281795243464,72.90721649484536,46.35211390963802,Buin,551,251,34,266,Parotiditis | VIH | Coqueluche,47.11,Buin,15457,14669,788,5.1,5.576291079812207,5.603302373581012,5.086142322097379,1.488645920941968,2.95658924759008,"Cap.11  ENFERMEDADES DEL APARATO DIGESTIVO (K00-K95) | Cap.15  EMBARAZO, PARTO Y PUERPERIO (O00-O9A) | Cap.19  LESIONES TRAUMÁTICAS, ENVENENAMIENTOS Y OTRAS CONSECUENCIAS DE CAUSAS EXTERNAS (S00-T88)",1321.4612418675033,11.669664221407558,-1.1895060447035615
13403,Calera de Tango,25491.0,24430.0,898.0,3.52,37.0,35.0,11.97,12.04,60.39,72.7,45.97,Calera de Tango,84,62,11,11,"no aplica, PAROTIDITIS, SIN COMPLICACIONES, HEPATITIS VIRAL TIPO B CRONICA, SIN AGENTE DELTA",32.952806873014005,Calera de Tango,1539,1502,37,2.4,7.22,7.24,6.43,1.75,2.6,"LESIONES TRAUMÁTICAS, ENVENENAMIENTOS Y OTRAS CONSECUENCIAS DE CAUSAS EXTERNAS, ENFERMEDADES DEL APARATO RESPIRATORIO, ENFERMEDADES DEL APARATO DIGESTIVO",603.74,10.14608072767165,-0.06999999999999851
13404,Paine,78828.0,72865.0,5963.0,7.564570964631858,36.0,31.0,11.101812763844052,11.780655828051804,60.77520654363106,67.07342730906795,47.58757559304263,Paine,390,185,74,131,VIH | Parotiditis | Coqueluche,53.6,Paine,11428,10437,991,8.67,5.57,5.66,4.65,1.46,3.01,Cálculo de la vesícula biliar sin colecistitis | Apendicitis aguda | otra y no especificada | Catarata | no especificada,1570.66,11.275023542680474,-0.6788430642077525
13501,Melipilla,136325.0,124407.0,11069.0,8.17,37.0,30.0,11.07,11.26,58.93,74.38,50.48,Melipilla,824,387,245,192,VIH | Chagas | Parotiditis,60.44,Melipilla,29404,26882,2522,8.58,4.98,5.09,3.89,1.23,2.23,"Cap.15  EMBARAZO, PARTO Y PUERPERIO (O00-O9A) | Cap.11  ENFERMEDADES DEL APARATO DIGESTIVO (K00-K95) | Cap.14  ENFERMEDADES DEL APARATO GENITOURINARIO (N00-N99)",2156.9,11.822797019794262,-0.1899999999999995
13502,Alhué,7768.0,6871.0,879.0,11.34,37.0,28.0,10.6,11.38,63.78,77.52,51.0,Alhué,28,14,9,5,Chagas | VIH | Parotiditis,36.04531410916581,Alhué,900,793,107,11.89,5.64,5.8,4.46,1.28,2.333,"Cap.15  EMBARAZO, PARTO Y PUERPERIO (O00-O9A) | Cap.11  ENFERMEDADES DEL APARATO DIGESTIVO (K00-K95) | Cap.19  LESIONES TRAUMÁTICAS, ENVENENAMIENTOS Y OTRAS CONSECUENCIAS DE CAUSAS EXTERNAS (S00-T88)",1158.6,8.957768009971161,-0.7800000000000011
13503,CURACAVÍ,34977.0,33517.0,1460.0,4.174171598479,38.0,35.0,11.494169857292029,13.097132284921368,60.37599093997736,70.32312925170068,50.32233109850438,CURACAVÍ,165,107,14,44,VIH | Sifilis | Parotiditis,47.1739,CURACAVÍ,5216,5064,152,2.91,6.49,6.54,4.82,1.4,2.93,Cap.15  EMBARAZO | PARTO Y PUERPERIO (O00-O9A) | Cap.11  ENFERMEDADES DEL APARATO DIGESTIVO (K00-K95) | Cap.19  LESIONES TRAUMÁTICAS | ENVENENAMIENTOS Y OTRAS CONSECUENCIAS DE CAUSAS EXTERNAS (S00-T88),1483.29,10.462445981601402,-1.6029624276293397
13504,María Pinto,15352.0,14996.0,319.0,2.08,38.0,31.0,10.6,11.46,61.08,69.2,52.0,María Pinto,32,24,4,4,VIH | Parotiditis | Chagas,20.844189682126107,María Pinto,1683,1630,53,3.15,4.78,4.83,3.11,1.2,1.664,"Cap.15  EMBARAZO, PARTO Y PUERPERIO (O00-O9A) | Cap.11  ENFERMEDADES DEL APARATO DIGESTIVO (K00-K95) | Cap.14  ENFERMEDADES DEL APARATO GENITOURINARIO (N00-N99)",1096.3,9.639001037687535,-0.8600000000000012
13505,San Pedro,11108.0,9808.0,1260.0,11.343176089305006,40.0,29.0,9.734945120142392,9.659767141009056,60.40290620871862,75.82417582417582,56.82620358605111,San Pedro,731,19,19,0,Dato Faltante,609.1666666666666,San Pedro,1355,0,0,0.0,4.900369003690037,0.0,0.0,0.0,1.5498154981549817,Dato Faltante,1129.1666666666667,9.31542084842669,0.07517797913333624
13601,Talagante,76429.0,71322.0,4559.0,6.01,36.0,32.0,11.83,12.26,59.75,69.74,46.76,Talagante,314,186,32,96,VIH | Parotiditis | Chagas,41.08,Talagante,12342,11754,588,4.76,6.46,6.53,5.09,1.63,2.6,"Cap.15  EMBARAZO, PARTO Y PUERPERIO (O00-O9A) | Cap.11  ENFERMEDADES DEL APARATO DIGESTIVO (K00-K95) | Cap.14  ENFERMEDADES DEL APARATO GENITOURINARIO (N00-N99)",1614.83,11.244117484283745,-0.4299999999999997
13602,El Monte,37497.0,36404.0,915.0,2.45,36.0,34.0,10.9,12.53,60.75,69.14,50.0,El Monte,146,93,18,35,VIH | Parotiditis | Sifilis,38.93644824919327,El Monte,4114,4015,99,2.41,5.95,5.98,4.66,1.62,2.552,"Cap.15  EMBARAZO, PARTO Y PUERPERIO (O00-O9A) | Cap.11  ENFERMEDADES DEL APARATO DIGESTIVO (K00-K95) | Cap.14  ENFERMEDADES DEL APARATO GENITOURINARIO (N00-N99)",1097.2,10.532016208758332,-1.629999999999999
13603,Isla de Maipo,39274.0,37775.0,1332.0,3.391556755105159,37.0,31.0,11.147838050314466,12.256438969764838,59.30163973103693,72.28915662650603,0.475634040954349,Isla de Maipo,115,67,11,37,"VIH, Parotiditis, Sifilis",29.28145847125325,Isla de Maipo,2059,1989,70,3.3997085964060223,5.699854298203011,5.733534439416792,4.742857142857143,1.6192326372025254,1.6027197668771247,"Cap.11  ENFERMEDADES DEL APARATO DIGESTIVO (K00-K95), Cap.15  EMBARAZO, PARTO Y PUERPERIO (O00-O9A), Cap.14  ENFERMEDADES DEL APARATO GENITOURINARIO (N00-N99)",524.2654173244385,10.578318001310176,-1.1086009194503728
13604,Padre Hurtado,81243.0,75497.0,5296.0,6.518715458562584,34.0,33.0,12.115747903265206,13.170451509484373,65.16893340088072,73.95402298850576,45.12084025507743,Padre Hurtado,337,206,44,0,Dato Faltante,51.84615384615385,Padre Hurtado,4764,0,0,0.0,6.111880772460117,0.0,0.0,0.0,1.910159529806885,Dato Faltante,732.923076923077,11.305199942634374,-1.0547036062191673
13605,Peñaflor,94402.0,90616.0,3235.0,3.426834177242008,36.0,34.0,11.981958677958282,12.994342906875543,59.73916291760732,70.5074399084319,46.112770666625394,Peñaflor,441,251,32,158,VIH | Parotiditis | Coqueluche,46.72,Peñaflor,10357,9981,376,3.63,6.14,6.17,5.43,1.39,1.89,"Cap.11  ENFERMEDADES DEL APARATO DIGESTIVO (K00-K95) | Cap.15  EMBARAZO, PARTO Y PUERPERIO (O00-O9A) | Cap.19  LESIONES TRAUMÁTICAS, ENVENENAMIENTOS Y OTRAS CONSECUENCIAS DE CAUSAS EXTERNAS (S00-T88)",1097.12,11.45531753834984,-1.012384228917261
